date,variant,mode,contract,direction,entry_time,entry_price,exit_time,exit_price,qty,pnl,pnl_pct,exit_reason,phase,equity_before
2026-10-06,claude_bias,shadow,SPY261006C00782000,call,2026-10-06T09:36:09-04:00,0.19,2026-10-06T09:57:29-04:00,0.42,13,299.0,1.2105,take_profit,zero-or-hero,500.0
2026-10-06,claude_confirm,shadow,SPY261006C00783000,call,2026-10-06T09:49:14-04:00,0.11,2026-10-06T09:57:29-04:00,0.24,22,286.0,1.1818,take_profit,zero-or-hero,500.0
2026-10-06,open_drive_run,shadow,SPY261006C00784000,call,2026-10-06T09:56:27-04:00,0.12,2026-10-06T15:45:15-04:00,0,20,-240.0,-1.0,time,zero-or-hero,500.0
2026-10-06,catalyst_sniper,shadow,AMD261007C00675000,call,2026-10-06T11:04:14-04:00,2.11,2026-10-06T15:45:15-04:00,0.57,1,-154.0,-0.7299,time,zero-or-hero,500.0
2026-10-06,catalyst_intraday,shadow,AVGO261007C00385000,call,2026-10-06T10:19:36-04:00,1.17,2026-10-06T15:45:15-04:00,1.19,2,4.0,0.0171,time,zero-or-hero,500.0
2026-10-07,claude_bias,shadow,SPY261007P00771000,put,2026-10-07T09:36:33-04:00,0.33,2026-10-07T15:45:04-04:00,0.01,7,-224.0,-0.9697,time,zero-or-hero,500.0
2026-10-07,claude_confirm,shadow,SPY261007P00770000,put,2026-10-07T09:41:00-04:00,0.35,2026-10-07T15:45:04-04:00,0.01,7,-238.0,-0.9714,time,zero-or-hero,500.0
2026-10-07,open_drive_run,shadow,SPY261007P00770000,put,2026-10-07T09:41:00-04:00,0.35,2026-10-07T15:45:04-04:00,0.01,7,-238.0,-0.9714,time,zero-or-hero,500.0
2026-10-07,amd_gap_cheap_run,shadow,AMD261007P00630000,put,2026-10-07T09:32:01-04:00,1.65,2026-10-07T15:45:04-04:00,0,1,-165.0,-1.0,time,zero-or-hero,500.0
2026-10-07,meta_follow2,shadow,META261007P00717500,put,2026-10-07T10:02:16-04:00,1.72,2026-10-07T15:45:04-04:00,0.08,1,-164.0,-0.9535,time,zero-or-hero,500.0
2026-10-07,rebound_scanner,shadow,AMD261007C00650000,call,2026-10-07T09:46:01-04:00,1.47,2026-10-07T15:45:04-04:00,0.11,1,-136.0,-0.9252,time,zero-or-hero,500.0
2026-10-07,rebound_scanner,real,AMD261007C00650000,call,2026-10-07T09:46:06-04:00,1.45,2026-10-07T15:45:05-04:00,0.09,1,-136.0,-0.9379,time,zero-or-hero,500.0
2026-10-07,rebound_scanner_wide,shadow,AMD261007C00650000,call,2026-10-07T09:46:01-04:00,1.47,2026-10-07T15:45:04-04:00,0.11,1,-136.0,-0.9252,time,zero-or-hero,500.0
2026-10-09,catalyst_open,shadow,LITE261009C01200000,call,2026-10-09T09:32:00-04:00,0.42,2026-10-09T09:33:52-04:00,0.73,1,31.0,0.7381,trail,zero-or-hero,86.79
2026-10-09,catalyst_open,real,LITE261009C01200000,call,2026-10-09T09:32:12-04:00,0.4,2026-10-09T09:33:57-04:00,0.85,1,45.0,1.125,trail,zero-or-hero,86.79
2026-10-09,rebound_scanner,shadow,AAPL261009C00337500,call,2026-10-09T09:46:31-04:00,0.25,2026-10-09T15:21:40-04:00,0.72,1,47.0,1.88,trail,zero-or-hero,86.79
2026-10-09,rebound_scanner,real,AAPL261009C00337500,call,2026-10-09T09:46:37-04:00,0.23,2026-10-09T15:21:44-04:00,0.7,1,47.0,2.0435,trail,zero-or-hero,86.79
2026-10-09,rebound_scanner_wide,shadow,AAPL261009C00337500,call,2026-10-09T09:46:31-04:00,0.25,2026-10-09T15:25:18-04:00,0.43,1,18.0,0.72,trail,zero-or-hero,86.79
2026-10-09,catalyst_sniper,shadow,LITE261009C01180000,call,2026-10-09T10:57:30-04:00,0.23,2026-10-09T15:45:12-04:00,0,1,-23.0,-1.0,time,zero-or-hero,86.79
2026-10-09,catalyst_sniper,shadow,MRVL261009C00297500,call,2026-10-07T09:59:06-04:00,1.95,2026-10-09T15:45:12-04:00,0,1,-195.0,-1.0,time,zero-or-hero,86.79
2026-10-09,catalyst_open,shadow,MRVL261009C00302500,call,2026-10-07T09:43:13-04:00,0.98,2026-10-09T15:45:12-04:00,0,2,-196.0,-1.0,time,zero-or-hero,86.79
